target,m,T,k_true,n_clusters,n_active,loss,max_da,max_db,active_leq_k
sin_2pi,5000,500,3,1,4116,2.0286076274115454e-05,0.007855283483632453,0.0004516606317180051,0
