target,m,T,k_true,n_clusters,n_active,loss,max_da,max_db,active_leq_k
sin_6pi,2000,250,11,25,1985,0.007810340598977679,0.024572845808273243,0.004802365147279237,0
