target,m,T,k_true,n_clusters,n_active,loss,max_da,max_db,active_leq_k
sin_4pi,1500,750,7,6,1469,0.00019025447882828832,0.013824153638936083,0.0025379459427347585,0
