target,m,T,k_true,n_clusters,n_active,loss,max_da,max_db,active_leq_k
sin_2pi,1000,5000,3,2,927,7.09467779681455e-07,0.0007289467151318741,0.00010969810121076007,0
