target,m,T,k_true,n_clusters,n_active,loss,max_da,max_db,active_leq_k
x_cubed,5000,500,1,4,765,3.2814659740568465e-05,0.003017408750633142,0.000493200186019698,0
