target,m,T,k_true,n_clusters,n_active,loss,max_da,max_db,active_leq_k
sin_2pi,1000,250,3,2,917,7.498555666426954e-05,0.0015641398597365636,0.0003194981225884433,0
