target,m,T,k_true,n_clusters,n_active,loss,max_da,max_db,active_leq_k
sin_3pi,5000,500,5,1,4529,2.7957390319637095e-05,0.006165136674174515,0.0004473004834812297,0
