target,m,T,k_true,n_clusters,n_active,loss,max_da,max_db,active_leq_k
sin_5pi,2000,750,9,16,1965,0.0006052695068325197,0.0329050011883385,0.00672032466019597,0
