target,m,T,k_true,n_clusters,n_active,loss,max_da,max_db,active_leq_k
sin_4pi,2000,750,7,3,1959,0.00020371370002952608,0.023270723190956952,0.0038776335259103527,0
