target,m,T,k_true,n_clusters,n_active,loss,max_da,max_db,active_leq_k
x_cubed,1000,10000,1,13,131,4.294069402659213e-07,0.0014923968882478416,0.00034187666911161775,0
