target,m,T,k_true,n_clusters,n_active,loss,max_da,max_db,active_leq_k
sin_1pi,1000,750,1,1,768,4.557517979328214e-06,0.0011003268304507863,0.00011171881602117658,0
