target,m,T,k_true,n_clusters,n_active,loss,max_da,max_db,active_leq_k
sin_4pi,5000,500,7,1,4706,6.521500906184027e-05,0.00476069803407637,0.00046495221558970725,0
