target,m,T,k_true,n_clusters,n_active,loss,max_da,max_db,active_leq_k
sin_4pi,1500,250,7,5,1464,0.0010810956605607368,0.0023910423234767817,0.0005496405990655477,0
