target,m,T,k_true,n_clusters,n_active,loss,max_da,max_db,active_leq_k
x_cubed,100,5000,1,47,72,1.2349266228424628e-06,0.000990740372764832,0.00030280530910785293,0
