target,m,T,k_true,n_clusters,n_active,loss,max_da,max_db,active_leq_k
sin_3pi,1000,750,5,5,965,6.646192555189148e-05,0.0034696150808440854,0.0007826092525671804,0
