target,m,T,k_true,n_clusters,n_active,loss,max_da,max_db,active_leq_k
sin_3pi,3500,500,5,1,3197,3.4499083512340106e-05,0.004277614397678536,0.000364221321372458,0
