target,m,T,k_true,n_clusters,n_active,loss,max_da,max_db,active_leq_k
sin_4pi,3500,500,7,1,3339,0.00010013517707048367,0.004416649981193885,0.0005768158925914157,0
