target,m,T,k_true,n_clusters,n_active,loss,max_da,max_db,active_leq_k
poly_k3,5000,500,3,2,937,2.0941481576836922e-05,0.007194121645496963,0.0011989760533739023,0
